<?xml version="1.0" encoding="UTF-8"?>
<project-private xmlns="http://www.netbeans.org/ns/project-private/1">
    <editor-bookmarks xmlns="http://www.netbeans.org/ns/editor-bookmarks/2" lastBookmarkId="0"/>
    <open-files xmlns="http://www.netbeans.org/ns/projectui-open-files/2">
        <group>
            <file>file:/D:/TaiLieu/DeTaiKhoaHocPCCC/src/pccc/quanlytailieu/ui/LoginUI.java</file>
            <file>file:/D:/TaiLieu/DeTaiKhoaHocPCCC/src/pccc/detaikhoahoc/test/TestQuanLyTaiLieuUI.java</file>
            <file>file:/D:/TaiLieu/DeTaiKhoaHocPCCC/src/pccc/detaikhoahoc/test/TestTimKiemUI.java</file>
            <file>file:/D:/TaiLieu/DeTaiKhoaHocPCCC/src/pccc/detaikhoahoc/service/SQLServerService.java</file>
            <file>file:/D:/TaiLieu/DeTaiKhoaHocPCCC/src/pccc/detaikhoahoc/test/TestDocFile.java</file>
        </group>
    </open-files>
</project-private>
